<core:FragmentDefinition xmlns="sap.m" xmlns:core="sap.ui.core" xmlns:form="sap.ui.layout.form">
	<Dialog id="poFilterDialog" title="Search PO">
		<form:SimpleForm >
			<Label text="Release Group"/>
			<Input id="inpReleaseGroup_po" maxLength="2" placeholder="Enter Release Group" value="{Inbox>/SearchObj/RelGroup}"/>
			<Label text="Release Code"/>
            <Input id="inpReleaseCode_po" maxLength="2" placeholder="Enter Release Code" value="{Inbox>/SearchObj/RelCode}"/>
			<Label text="PO Number"/>
			<Input maxLength="10" placeholder="Enter PO Number" value="{Inbox>/SearchObj/PoNumber}"/>
			<Label text="Document Category"/>
			<Input id="inpPoNumber" maxLength="1" placeholder="Enter Document Category" value="{Inbox>/SearchObj/PoDocCat}"/>			
			<Label text="Purchase Organization"/>
			<Input id="inpPoOrg" maxLength="4" placeholder="Enter Purchase Organization" value="{Inbox>/SearchObj/PoPurchOrg}"/>
			<Label text="Purchase Group"/>
			<Input id="inpPoGroup" maxLength="3" placeholder="Enter Purchase Group" value="{Inbox>/SearchObj/PoPurGroup}"/>		
		</form:SimpleForm>
		<beginButton>
			<Button type="Transparent" text="Cancel" press="onFilterCancelPress"/>
		</beginButton>
		<endButton>
			<Button type="Emphasized" text="{i18n>Search}" press="onFilterGoPress"/>
		</endButton>
	</Dialog>
</core:FragmentDefinition>