<core:FragmentDefinition xmlns="sap.m" xmlns:core="sap.ui.core" xmlns:form="sap.ui.layout.form">
	<Dialog id="prFilterDialog" title="Search PR">
		<form:SimpleForm >
            <Label text="Release Group"/>
			<Input id="inpReleaseGroup_pr" maxLength="2" placeholder="Enter Release Group" value="{Inbox>/SearchObj/RelGroup}"/>
			<Label text="Release Code"/>
            <Input id="inpReleaseCode_pr" maxLength="2" placeholder="Enter Release Code" value="{Inbox>/SearchObj/RelCode}"/>
			
			<Label text="PR Number"/>
			<Input id="inpPRNumber" maxLength="10" placeholder="Enter PR Number" value="{Inbox>/SearchObj/PrNumber}"/>
            <Label text="Material Number"/>
			<Input id="inpMaterialNumber" maxLength="40" placeholder="Enter Material Number" value="{Inbox>/SearchObj/PrMatNumber}"/>
			<Label text="Vendor"/>
			<Input id="inpVendor" maxLength="10" placeholder="Enter Vendor" value="{Inbox>/SearchObj/PrVendor}"/>	

			<Label text="Plant"/>
			<Input id="inpPlant" maxLength="4" placeholder="Enter Plant" value="{Inbox>/SearchObj/PrPlant}"/>
            <Label text="Purchase Group"/>
			<Input id="inpPrGroup" maxLength="3" placeholder="Enter PR Group" value="{Inbox>/SearchObj/PrPurGroup}"/>
			<Label text="Material Group"/>
			<Input id="inpMaterialGroup" maxLength="9" placeholder="Enter Material Group" value="{Inbox>/SearchObj/PrName1}"/>	
		</form:SimpleForm>
		<beginButton>
			<Button type="Transparent" text="Cancel" press="onFilterCancelPress"/>
		</beginButton>
		<endButton>
			<Button type="Emphasized" text="{i18n>Search}" press="onFilterGoPress"/>
		</endButton>
	</Dialog>
</core:FragmentDefinition>