{
  "view/POScheduling.view.xml": 1725541676517,
  "Component.js": 1717687400302,
  "controller/RequisitionDetails.controller.js": 1725533026634,
  "controller/POScheduling.controller.js": 1725281587041,
  "controller/Main.controller.js": 1725527274367,
  "controller/DisplayPRHeaderTable.controller.js": 1725011294408,
  "controller/DisplayPOHeaderTable.controller.js": 1725011300868,
  "controller/App.controller.js": 1722189012450,
  "manifest.json": 1725541922305,
  "model/models.js": 1725526845143,
  "controller/DisplayPRHeaderTable-dbg.controller.js": 1725011294408,
  "controller/DisplayPRHeaderTable.controller.js.map": 1725541922456,
  "controller/RequisitionDetails-dbg.controller.js": 1725533026634,
  "controller/RequisitionDetails.controller.js.map": 1725541922534,
  "controller/POScheduling-dbg.controller.js": 1725281587041,
  "controller/POScheduling.controller.js.map": 1725541922530,
  "controller/Main-dbg.controller.js": 1725527274367,
  "controller/Main.controller.js.map": 1725541922534,
  "Component-dbg.js": 1717687400302,
  "Component.js.map": 1725541922460,
  "controller/DisplayPOHeaderTable-dbg.controller.js": 1725011300868,
  "controller/DisplayPOHeaderTable.controller.js.map": 1725541922462,
  "controller/App-dbg.controller.js": 1722189012450,
  "controller/App.controller.js.map": 1725541922477,
  "model/models-dbg.js": 1725526845143,
  "model/models.js.map": 1725541922497,
  "Component-preload.js": 1725541922688,
  "Component-preload.js.map": 1725541922688,
  "view/subView/ListItem.fragment.xml": 1722174379153,
  "view/RequisitionDetails.view.xml": 1725379573528,
  "i18n/i18n.properties": 1725541885777,
  "view/Main.view.xml": 1722521353272,
  "view/DisplayPRHeaderTable.view.xml": 1725379536056,
  "view/DisplayPOHeaderTable.view.xml": 1725379521988,
  "view/App.view.xml": 1717688438608,
  "css/style.css": 1719134231085,
  "fragments/PRFilter.fragment.xml": 1725378577694,
  "fragments/POFilter.fragment.xml": 1725528775351,
  "index.html": 1723106352576
}